Handle,Title,Body (HTML),Vendor,Product Category,Type,Tags,Published,Option1 Name,Option1 Value,Variant SKU,Variant Grams,Variant Inventory Tracker,Variant Inventory Qty,Variant Inventory Policy,Variant Fulfillment Service,Variant Price,Variant Compare At Price,Variant Requires Shipping,Variant Taxable,Variant Barcode,Image Src,Image Position,Image Alt Text,Gift Card,SEO Title,SEO Description,Variant Image,Variant Weight Unit,Status
inter-de-milan-02-03-retro-home,Inter de Mil치n 02/03 Retro Home,"Inter de Mil치n 02/03 Retro Home<br><br>Camiseta retro Inter de Mil치n - Temporada 02/03<br>Tipo: Home<br>Liga: Serie A<br><br>Material de alta qualidade<br>Design cl치ssico retro<br>Tamanhos dispon칤veis: S, M, L, XL, XXL, 3XL<br><br>游댠 BLACK NOVEMBER - 33% OFF!",Retrobox,Apparel & Accessories > Clothing,Camiseta Retro,"Inter de Mil치n, Futebol, Home, Jersey, Retro, Serie A",TRUE,Tamanho,S,inter-de-milan-02-03-retro-home-s,200,shopify,10,deny,manual,36900.00,,TRUE,TRUE,,,,Inter de Mil치n 02/03 Retro Home - Imagem Principal,FALSE,Inter de Mil치n 02/03 Retro Home | Retrobox Argentina,Comprar Inter de Mil치n 02/03 Retro Home - Camiseta retro oficial. Serie A. Tamanhos S a 3XL. Envio para toda Argentina.,,kg,active
inter-de-milan-02-03-retro-home,,,,,,,,Tamanho,M,inter-de-milan-02-03-retro-home-m,200,shopify,10,deny,manual,36900.00,,TRUE,TRUE,,,,,,,,,kg,
inter-de-milan-02-03-retro-home,,,,,,,,Tamanho,L,inter-de-milan-02-03-retro-home-l,200,shopify,10,deny,manual,36900.00,,TRUE,TRUE,,,,,,,,,kg,
inter-de-milan-02-03-retro-home,,,,,,,,Tamanho,XL,inter-de-milan-02-03-retro-home-xl,200,shopify,10,deny,manual,36900.00,,TRUE,TRUE,,,,,,,,,kg,
inter-de-milan-02-03-retro-home,,,,,,,,Tamanho,XXL,inter-de-milan-02-03-retro-home-xxl,200,shopify,10,deny,manual,36900.00,,TRUE,TRUE,,,,,,,,,kg,
inter-de-milan-02-03-retro-home,,,,,,,,Tamanho,3XL,inter-de-milan-02-03-retro-home-3xl,200,shopify,10,deny,manual,36900.00,,TRUE,TRUE,,,,,,,,,kg,
inter-de-milan-02-03-retro-third,Inter de Mil치n 02/03 Retro Third,"Inter de Mil치n 02/03 Retro Third<br><br>Camiseta retro Inter de Mil치n - Temporada 02/03<br>Tipo: Third<br>Liga: Serie A<br><br>Material de alta qualidade<br>Design cl치ssico retro<br>Tamanhos dispon칤veis: S, M, L, XL, XXL, 3XL<br><br>游댠 BLACK NOVEMBER - 33% OFF!",Retrobox,Apparel & Accessories > Clothing,Camiseta Retro,"Inter de Mil치n, Futebol, Third, Jersey, Retro, Serie A",TRUE,Tamanho,S,inter-de-milan-02-03-retro-third-s,200,shopify,10,deny,manual,36900.00,,TRUE,TRUE,,,,Inter de Mil치n 02/03 Retro Third - Imagem Principal,FALSE,Inter de Mil치n 02/03 Retro Third | Retrobox Argentina,Comprar Inter de Mil치n 02/03 Retro Third - Camiseta retro oficial. Serie A. Tamanhos S a 3XL. Envio para toda Argentina.,,kg,active
inter-de-milan-02-03-retro-third,,,,,,,,Tamanho,M,inter-de-milan-02-03-retro-third-m,200,shopify,10,deny,manual,36900.00,,TRUE,TRUE,,,,,,,,,kg,
inter-de-milan-02-03-retro-third,,,,,,,,Tamanho,L,inter-de-milan-02-03-retro-third-l,200,shopify,10,deny,manual,36900.00,,TRUE,TRUE,,,,,,,,,kg,
inter-de-milan-02-03-retro-third,,,,,,,,Tamanho,XL,inter-de-milan-02-03-retro-third-xl,200,shopify,10,deny,manual,36900.00,,TRUE,TRUE,,,,,,,,,kg,
inter-de-milan-02-03-retro-third,,,,,,,,Tamanho,XXL,inter-de-milan-02-03-retro-third-xxl,200,shopify,10,deny,manual,36900.00,,TRUE,TRUE,,,,,,,,,kg,
inter-de-milan-02-03-retro-third,,,,,,,,Tamanho,3XL,inter-de-milan-02-03-retro-third-3xl,200,shopify,10,deny,manual,36900.00,,TRUE,TRUE,,,,,,,,,kg,
inter-de-milan-04-05-retro-home,Inter de Mil치n 04/05 Retro Home,"Inter de Mil치n 04/05 Retro Home<br><br>Camiseta retro Inter de Mil치n - Temporada 04/05<br>Tipo: Home<br>Liga: Serie A<br><br>Material de alta qualidade<br>Design cl치ssico retro<br>Tamanhos dispon칤veis: S, M, L, XL, XXL, 3XL<br><br>游댠 BLACK NOVEMBER - 33% OFF!",Retrobox,Apparel & Accessories > Clothing,Camiseta Retro,"Inter de Mil치n, Futebol, Home, Jersey, Retro, Serie A",TRUE,Tamanho,S,inter-de-milan-04-05-retro-home-s,200,shopify,10,deny,manual,36900.00,,TRUE,TRUE,,,,Inter de Mil치n 04/05 Retro Home - Imagem Principal,FALSE,Inter de Mil치n 04/05 Retro Home | Retrobox Argentina,Comprar Inter de Mil치n 04/05 Retro Home - Camiseta retro oficial. Serie A. Tamanhos S a 3XL. Envio para toda Argentina.,,kg,active
inter-de-milan-04-05-retro-home,,,,,,,,Tamanho,M,inter-de-milan-04-05-retro-home-m,200,shopify,10,deny,manual,36900.00,,TRUE,TRUE,,,,,,,,,kg,
inter-de-milan-04-05-retro-home,,,,,,,,Tamanho,L,inter-de-milan-04-05-retro-home-l,200,shopify,10,deny,manual,36900.00,,TRUE,TRUE,,,,,,,,,kg,
inter-de-milan-04-05-retro-home,,,,,,,,Tamanho,XL,inter-de-milan-04-05-retro-home-xl,200,shopify,10,deny,manual,36900.00,,TRUE,TRUE,,,,,,,,,kg,
inter-de-milan-04-05-retro-home,,,,,,,,Tamanho,XXL,inter-de-milan-04-05-retro-home-xxl,200,shopify,10,deny,manual,36900.00,,TRUE,TRUE,,,,,,,,,kg,
inter-de-milan-04-05-retro-home,,,,,,,,Tamanho,3XL,inter-de-milan-04-05-retro-home-3xl,200,shopify,10,deny,manual,36900.00,,TRUE,TRUE,,,,,,,,,kg,
inter-de-milan-07-08-retro-home,Inter de Mil치n 07/08 Retro Home,"Inter de Mil치n 07/08 Retro Home<br><br>Camiseta retro Inter de Mil치n - Temporada 07/08<br>Tipo: Home<br>Liga: Serie A<br><br>Material de alta qualidade<br>Design cl치ssico retro<br>Tamanhos dispon칤veis: S, M, L, XL, XXL, 3XL<br><br>游댠 BLACK NOVEMBER - 33% OFF!",Retrobox,Apparel & Accessories > Clothing,Camiseta Retro,"Inter de Mil치n, Futebol, Home, Jersey, Retro, Serie A",TRUE,Tamanho,S,inter-de-milan-07-08-retro-home-s,200,shopify,10,deny,manual,36900.00,,TRUE,TRUE,,,,Inter de Mil치n 07/08 Retro Home - Imagem Principal,FALSE,Inter de Mil치n 07/08 Retro Home | Retrobox Argentina,Comprar Inter de Mil치n 07/08 Retro Home - Camiseta retro oficial. Serie A. Tamanhos S a 3XL. Envio para toda Argentina.,,kg,active
inter-de-milan-07-08-retro-home,,,,,,,,Tamanho,M,inter-de-milan-07-08-retro-home-m,200,shopify,10,deny,manual,36900.00,,TRUE,TRUE,,,,,,,,,kg,
inter-de-milan-07-08-retro-home,,,,,,,,Tamanho,L,inter-de-milan-07-08-retro-home-l,200,shopify,10,deny,manual,36900.00,,TRUE,TRUE,,,,,,,,,kg,
inter-de-milan-07-08-retro-home,,,,,,,,Tamanho,XL,inter-de-milan-07-08-retro-home-xl,200,shopify,10,deny,manual,36900.00,,TRUE,TRUE,,,,,,,,,kg,
inter-de-milan-07-08-retro-home,,,,,,,,Tamanho,XXL,inter-de-milan-07-08-retro-home-xxl,200,shopify,10,deny,manual,36900.00,,TRUE,TRUE,,,,,,,,,kg,
inter-de-milan-07-08-retro-home,,,,,,,,Tamanho,3XL,inter-de-milan-07-08-retro-home-3xl,200,shopify,10,deny,manual,36900.00,,TRUE,TRUE,,,,,,,,,kg,
inter-de-milan-09-10-retro-home-champions-league,Inter de Mil치n 09/10 Retro Home Champions League,"Inter de Mil치n 09/10 Retro Home Champions League<br><br>Camiseta retro Inter de Mil치n - Temporada 09/10<br>Tipo: Home<br>Liga: Serie A<br><br>Material de alta qualidade<br>Design cl치ssico retro<br>Tamanhos dispon칤veis: S, M, L, XL, XXL, 3XL<br><br>游댠 BLACK NOVEMBER - 33% OFF!",Retrobox,Apparel & Accessories > Clothing,Camiseta Retro,"Inter de Mil치n, Futebol, Home, Jersey, Retro, Serie A",TRUE,Tamanho,S,inter-de-milan-09-10-retro-home-champions-league-s,200,shopify,10,deny,manual,36900.00,,TRUE,TRUE,,,,Inter de Mil치n 09/10 Retro Home Champions League - Imagem Principal,FALSE,Inter de Mil치n 09/10 Retro Home Champions League | Retrobox Argentina,Comprar Inter de Mil치n 09/10 Retro Home Champions League - Camiseta retro oficial. Serie A. Tamanhos S a 3XL. Envio para toda Argentina.,,kg,active
inter-de-milan-09-10-retro-home-champions-league,,,,,,,,Tamanho,M,inter-de-milan-09-10-retro-home-champions-league-m,200,shopify,10,deny,manual,36900.00,,TRUE,TRUE,,,,,,,,,kg,
inter-de-milan-09-10-retro-home-champions-league,,,,,,,,Tamanho,L,inter-de-milan-09-10-retro-home-champions-league-l,200,shopify,10,deny,manual,36900.00,,TRUE,TRUE,,,,,,,,,kg,
inter-de-milan-09-10-retro-home-champions-league,,,,,,,,Tamanho,XL,inter-de-milan-09-10-retro-home-champions-league-xl,200,shopify,10,deny,manual,36900.00,,TRUE,TRUE,,,,,,,,,kg,
inter-de-milan-09-10-retro-home-champions-league,,,,,,,,Tamanho,XXL,inter-de-milan-09-10-retro-home-champions-league-xxl,200,shopify,10,deny,manual,36900.00,,TRUE,TRUE,,,,,,,,,kg,
inter-de-milan-09-10-retro-home-champions-league,,,,,,,,Tamanho,3XL,inter-de-milan-09-10-retro-home-champions-league-3xl,200,shopify,10,deny,manual,36900.00,,TRUE,TRUE,,,,,,,,,kg,
inter-de-milan-10-11-retro-away,Inter de Mil치n 10/11 Retro Away,"Inter de Mil치n 10/11 Retro Away<br><br>Camiseta retro Inter de Mil치n - Temporada 10/11<br>Tipo: Away<br>Liga: Serie A<br><br>Material de alta qualidade<br>Design cl치ssico retro<br>Tamanhos dispon칤veis: S, M, L, XL, XXL, 3XL<br><br>游댠 BLACK NOVEMBER - 33% OFF!",Retrobox,Apparel & Accessories > Clothing,Camiseta Retro,"Inter de Mil치n, Futebol, Away, Jersey, Retro, Serie A",TRUE,Tamanho,S,inter-de-milan-10-11-retro-away-s,200,shopify,10,deny,manual,36900.00,,TRUE,TRUE,,,,Inter de Mil치n 10/11 Retro Away - Imagem Principal,FALSE,Inter de Mil치n 10/11 Retro Away | Retrobox Argentina,Comprar Inter de Mil치n 10/11 Retro Away - Camiseta retro oficial. Serie A. Tamanhos S a 3XL. Envio para toda Argentina.,,kg,active
inter-de-milan-10-11-retro-away,,,,,,,,Tamanho,M,inter-de-milan-10-11-retro-away-m,200,shopify,10,deny,manual,36900.00,,TRUE,TRUE,,,,,,,,,kg,
inter-de-milan-10-11-retro-away,,,,,,,,Tamanho,L,inter-de-milan-10-11-retro-away-l,200,shopify,10,deny,manual,36900.00,,TRUE,TRUE,,,,,,,,,kg,
inter-de-milan-10-11-retro-away,,,,,,,,Tamanho,XL,inter-de-milan-10-11-retro-away-xl,200,shopify,10,deny,manual,36900.00,,TRUE,TRUE,,,,,,,,,kg,
inter-de-milan-10-11-retro-away,,,,,,,,Tamanho,XXL,inter-de-milan-10-11-retro-away-xxl,200,shopify,10,deny,manual,36900.00,,TRUE,TRUE,,,,,,,,,kg,
inter-de-milan-10-11-retro-away,,,,,,,,Tamanho,3XL,inter-de-milan-10-11-retro-away-3xl,200,shopify,10,deny,manual,36900.00,,TRUE,TRUE,,,,,,,,,kg,
inter-de-milan-97-98-retro-home-long-sleeve,Inter de Mil치n 97/98 Retro Home Long Sleeve,"Inter de Mil치n 97/98 Retro Home Long Sleeve<br><br>Camiseta retro Inter de Mil치n - Temporada 97/98<br>Tipo: Home<br>Liga: Serie A<br><br>Material de alta qualidade<br>Design cl치ssico retro<br>Tamanhos dispon칤veis: S, M, L, XL, XXL, 3XL<br><br>游댠 BLACK NOVEMBER - 33% OFF!",Retrobox,Apparel & Accessories > Clothing,Camiseta Retro,"Inter de Mil치n, Futebol, Home, Jersey, Retro, Serie A",TRUE,Tamanho,S,inter-de-milan-97-98-retro-home-long-sleeve-s,200,shopify,10,deny,manual,41900.00,,TRUE,TRUE,,,,Inter de Mil치n 97/98 Retro Home Long Sleeve - Imagem Principal,FALSE,Inter de Mil치n 97/98 Retro Home Long Sleeve | Retrobox Argentina,Comprar Inter de Mil치n 97/98 Retro Home Long Sleeve - Camiseta retro oficial. Serie A. Tamanhos S a 3XL. Envio para toda Argentina.,,kg,active
inter-de-milan-97-98-retro-home-long-sleeve,,,,,,,,Tamanho,M,inter-de-milan-97-98-retro-home-long-sleeve-m,200,shopify,10,deny,manual,41900.00,,TRUE,TRUE,,,,,,,,,kg,
inter-de-milan-97-98-retro-home-long-sleeve,,,,,,,,Tamanho,L,inter-de-milan-97-98-retro-home-long-sleeve-l,200,shopify,10,deny,manual,41900.00,,TRUE,TRUE,,,,,,,,,kg,
inter-de-milan-97-98-retro-home-long-sleeve,,,,,,,,Tamanho,XL,inter-de-milan-97-98-retro-home-long-sleeve-xl,200,shopify,10,deny,manual,41900.00,,TRUE,TRUE,,,,,,,,,kg,
inter-de-milan-97-98-retro-home-long-sleeve,,,,,,,,Tamanho,XXL,inter-de-milan-97-98-retro-home-long-sleeve-xxl,200,shopify,10,deny,manual,41900.00,,TRUE,TRUE,,,,,,,,,kg,
inter-de-milan-97-98-retro-home-long-sleeve,,,,,,,,Tamanho,3XL,inter-de-milan-97-98-retro-home-long-sleeve-3xl,200,shopify,10,deny,manual,41900.00,,TRUE,TRUE,,,,,,,,,kg,
inter-de-milan-97-98-retro-third-long-sleeve,Inter de Mil치n 97/98 Retro Third Long Sleeve,"Inter de Mil치n 97/98 Retro Third Long Sleeve<br><br>Camiseta retro Inter de Mil치n - Temporada 97/98<br>Tipo: Third<br>Liga: Serie A<br><br>Material de alta qualidade<br>Design cl치ssico retro<br>Tamanhos dispon칤veis: S, M, L, XL, XXL, 3XL<br><br>游댠 BLACK NOVEMBER - 33% OFF!",Retrobox,Apparel & Accessories > Clothing,Camiseta Retro,"Inter de Mil치n, Futebol, Third, Jersey, Retro, Serie A",TRUE,Tamanho,S,inter-de-milan-97-98-retro-third-long-sleeve-s,200,shopify,10,deny,manual,41900.00,,TRUE,TRUE,,,,Inter de Mil치n 97/98 Retro Third Long Sleeve - Imagem Principal,FALSE,Inter de Mil치n 97/98 Retro Third Long Sleeve | Retrobox Argentina,Comprar Inter de Mil치n 97/98 Retro Third Long Sleeve - Camiseta retro oficial. Serie A. Tamanhos S a 3XL. Envio para toda Argentina.,,kg,active
inter-de-milan-97-98-retro-third-long-sleeve,,,,,,,,Tamanho,M,inter-de-milan-97-98-retro-third-long-sleeve-m,200,shopify,10,deny,manual,41900.00,,TRUE,TRUE,,,,,,,,,kg,
inter-de-milan-97-98-retro-third-long-sleeve,,,,,,,,Tamanho,L,inter-de-milan-97-98-retro-third-long-sleeve-l,200,shopify,10,deny,manual,41900.00,,TRUE,TRUE,,,,,,,,,kg,
inter-de-milan-97-98-retro-third-long-sleeve,,,,,,,,Tamanho,XL,inter-de-milan-97-98-retro-third-long-sleeve-xl,200,shopify,10,deny,manual,41900.00,,TRUE,TRUE,,,,,,,,,kg,
inter-de-milan-97-98-retro-third-long-sleeve,,,,,,,,Tamanho,XXL,inter-de-milan-97-98-retro-third-long-sleeve-xxl,200,shopify,10,deny,manual,41900.00,,TRUE,TRUE,,,,,,,,,kg,
inter-de-milan-97-98-retro-third-long-sleeve,,,,,,,,Tamanho,3XL,inter-de-milan-97-98-retro-third-long-sleeve-3xl,200,shopify,10,deny,manual,41900.00,,TRUE,TRUE,,,,,,,,,kg,
inter-de-milan-retro-home,Inter de Mil치n Retro Home,"Inter de Mil치n Retro Home<br><br>Camiseta retro Inter de Mil치n - Temporada Cl치ssica<br>Tipo: Home<br>Liga: Serie A<br><br>Material de alta qualidade<br>Design cl치ssico retro<br>Tamanhos dispon칤veis: S, M, L, XL, XXL, 3XL<br><br>游댠 BLACK NOVEMBER - 33% OFF!",Retrobox,Apparel & Accessories > Clothing,Camiseta Retro,"Inter de Mil치n, Futebol, Home, Jersey, Retro, Serie A",TRUE,Tamanho,S,inter-de-milan-retro-home-s,200,shopify,10,deny,manual,36900.00,,TRUE,TRUE,,,,Inter de Mil치n Retro Home - Imagem Principal,FALSE,Inter de Mil치n Retro Home | Retrobox Argentina,Comprar Inter de Mil치n Retro Home - Camiseta retro oficial. Serie A. Tamanhos S a 3XL. Envio para toda Argentina.,,kg,active
inter-de-milan-retro-home,,,,,,,,Tamanho,M,inter-de-milan-retro-home-m,200,shopify,10,deny,manual,36900.00,,TRUE,TRUE,,,,,,,,,kg,
inter-de-milan-retro-home,,,,,,,,Tamanho,L,inter-de-milan-retro-home-l,200,shopify,10,deny,manual,36900.00,,TRUE,TRUE,,,,,,,,,kg,
inter-de-milan-retro-home,,,,,,,,Tamanho,XL,inter-de-milan-retro-home-xl,200,shopify,10,deny,manual,36900.00,,TRUE,TRUE,,,,,,,,,kg,
inter-de-milan-retro-home,,,,,,,,Tamanho,XXL,inter-de-milan-retro-home-xxl,200,shopify,10,deny,manual,36900.00,,TRUE,TRUE,,,,,,,,,kg,
inter-de-milan-retro-home,,,,,,,,Tamanho,3XL,inter-de-milan-retro-home-3xl,200,shopify,10,deny,manual,36900.00,,TRUE,TRUE,,,,,,,,,kg,
inter-de-milan-retro-third,Inter de Mil치n Retro Third,"Inter de Mil치n Retro Third<br><br>Camiseta retro Inter de Mil치n - Temporada Cl치ssica<br>Tipo: Third<br>Liga: Serie A<br><br>Material de alta qualidade<br>Design cl치ssico retro<br>Tamanhos dispon칤veis: S, M, L, XL, XXL, 3XL<br><br>游댠 BLACK NOVEMBER - 33% OFF!",Retrobox,Apparel & Accessories > Clothing,Camiseta Retro,"Inter de Mil치n, Futebol, Third, Jersey, Retro, Serie A",TRUE,Tamanho,S,inter-de-milan-retro-third-s,200,shopify,10,deny,manual,36900.00,,TRUE,TRUE,,,,Inter de Mil치n Retro Third - Imagem Principal,FALSE,Inter de Mil치n Retro Third | Retrobox Argentina,Comprar Inter de Mil치n Retro Third - Camiseta retro oficial. Serie A. Tamanhos S a 3XL. Envio para toda Argentina.,,kg,active
inter-de-milan-retro-third,,,,,,,,Tamanho,M,inter-de-milan-retro-third-m,200,shopify,10,deny,manual,36900.00,,TRUE,TRUE,,,,,,,,,kg,
inter-de-milan-retro-third,,,,,,,,Tamanho,L,inter-de-milan-retro-third-l,200,shopify,10,deny,manual,36900.00,,TRUE,TRUE,,,,,,,,,kg,
inter-de-milan-retro-third,,,,,,,,Tamanho,XL,inter-de-milan-retro-third-xl,200,shopify,10,deny,manual,36900.00,,TRUE,TRUE,,,,,,,,,kg,
inter-de-milan-retro-third,,,,,,,,Tamanho,XXL,inter-de-milan-retro-third-xxl,200,shopify,10,deny,manual,36900.00,,TRUE,TRUE,,,,,,,,,kg,
inter-de-milan-retro-third,,,,,,,,Tamanho,3XL,inter-de-milan-retro-third-3xl,200,shopify,10,deny,manual,36900.00,,TRUE,TRUE,,,,,,,,,kg,
boca-juniors-25-26-retro,Boca Juniors 25/26 Retro,"Boca Juniors 25/26 Retro<br><br>Camiseta retro Boca Juniors - Temporada 25/26<br>Tipo: Retro<br>Liga: Primera Divisi칩n Argentina<br><br>Material de alta qualidade<br>Design cl치ssico retro<br>Tamanhos dispon칤veis: S, M, L, XL, XXL, 3XL<br><br>游댠 BLACK NOVEMBER - 33% OFF!",Retrobox,Apparel & Accessories > Clothing,Camiseta Retro,"Boca Juniors, Futebol, Retro, Jersey, Retro, Primera Divisi칩n Argentina",TRUE,Tamanho,S,boca-juniors-25-26-retro-s,200,shopify,10,deny,manual,36900.00,,TRUE,TRUE,,,,Boca Juniors 25/26 Retro - Imagem Principal,FALSE,Boca Juniors 25/26 Retro | Retrobox Argentina,Comprar Boca Juniors 25/26 Retro - Camiseta retro oficial. Primera Divisi칩n Argentina. Tamanhos S a 3XL. Envio para toda Argentina.,,kg,active
boca-juniors-25-26-retro,,,,,,,,Tamanho,M,boca-juniors-25-26-retro-m,200,shopify,10,deny,manual,36900.00,,TRUE,TRUE,,,,,,,,,kg,
boca-juniors-25-26-retro,,,,,,,,Tamanho,L,boca-juniors-25-26-retro-l,200,shopify,10,deny,manual,36900.00,,TRUE,TRUE,,,,,,,,,kg,
boca-juniors-25-26-retro,,,,,,,,Tamanho,XL,boca-juniors-25-26-retro-xl,200,shopify,10,deny,manual,36900.00,,TRUE,TRUE,,,,,,,,,kg,
boca-juniors-25-26-retro,,,,,,,,Tamanho,XXL,boca-juniors-25-26-retro-xxl,200,shopify,10,deny,manual,36900.00,,TRUE,TRUE,,,,,,,,,kg,
boca-juniors-25-26-retro,,,,,,,,Tamanho,3XL,boca-juniors-25-26-retro-3xl,200,shopify,10,deny,manual,36900.00,,TRUE,TRUE,,,,,,,,,kg,
boca-juniors-25-26-retro-v2,Boca Juniors 25/26 Retro v2,"Boca Juniors 25/26 Retro v2<br><br>Camiseta retro Boca Juniors - Temporada 25/26<br>Tipo: Retro<br>Liga: Primera Divisi칩n Argentina<br><br>Material de alta qualidade<br>Design cl치ssico retro<br>Tamanhos dispon칤veis: S, M, L, XL, XXL, 3XL<br><br>游댠 BLACK NOVEMBER - 33% OFF!",Retrobox,Apparel & Accessories > Clothing,Camiseta Retro,"Boca Juniors, Futebol, Retro, Jersey, Retro, Primera Divisi칩n Argentina",TRUE,Tamanho,S,boca-juniors-25-26-retro-v2-s,200,shopify,10,deny,manual,36900.00,,TRUE,TRUE,,,,Boca Juniors 25/26 Retro v2 - Imagem Principal,FALSE,Boca Juniors 25/26 Retro v2 | Retrobox Argentina,Comprar Boca Juniors 25/26 Retro v2 - Camiseta retro oficial. Primera Divisi칩n Argentina. Tamanhos S a 3XL. Envio para toda Argentina.,,kg,active
boca-juniors-25-26-retro-v2,,,,,,,,Tamanho,M,boca-juniors-25-26-retro-v2-m,200,shopify,10,deny,manual,36900.00,,TRUE,TRUE,,,,,,,,,kg,
boca-juniors-25-26-retro-v2,,,,,,,,Tamanho,L,boca-juniors-25-26-retro-v2-l,200,shopify,10,deny,manual,36900.00,,TRUE,TRUE,,,,,,,,,kg,
boca-juniors-25-26-retro-v2,,,,,,,,Tamanho,XL,boca-juniors-25-26-retro-v2-xl,200,shopify,10,deny,manual,36900.00,,TRUE,TRUE,,,,,,,,,kg,
boca-juniors-25-26-retro-v2,,,,,,,,Tamanho,XXL,boca-juniors-25-26-retro-v2-xxl,200,shopify,10,deny,manual,36900.00,,TRUE,TRUE,,,,,,,,,kg,
boca-juniors-25-26-retro-v2,,,,,,,,Tamanho,3XL,boca-juniors-25-26-retro-v2-3xl,200,shopify,10,deny,manual,36900.00,,TRUE,TRUE,,,,,,,,,kg,
boca-juniors-retro-home,Boca Juniors Retro Home,"Boca Juniors Retro Home<br><br>Camiseta retro Boca Juniors - Temporada Cl치ssica<br>Tipo: Home<br>Liga: Primera Divisi칩n Argentina<br><br>Material de alta qualidade<br>Design cl치ssico retro<br>Tamanhos dispon칤veis: S, M, L, XL, XXL, 3XL<br><br>游댠 BLACK NOVEMBER - 33% OFF!",Retrobox,Apparel & Accessories > Clothing,Camiseta Retro,"Boca Juniors, Futebol, Home, Jersey, Retro, Primera Divisi칩n Argentina",TRUE,Tamanho,S,boca-juniors-retro-home-s,200,shopify,10,deny,manual,36900.00,,TRUE,TRUE,,,,Boca Juniors Retro Home - Imagem Principal,FALSE,Boca Juniors Retro Home | Retrobox Argentina,Comprar Boca Juniors Retro Home - Camiseta retro oficial. Primera Divisi칩n Argentina. Tamanhos S a 3XL. Envio para toda Argentina.,,kg,active
boca-juniors-retro-home,,,,,,,,Tamanho,M,boca-juniors-retro-home-m,200,shopify,10,deny,manual,36900.00,,TRUE,TRUE,,,,,,,,,kg,
boca-juniors-retro-home,,,,,,,,Tamanho,L,boca-juniors-retro-home-l,200,shopify,10,deny,manual,36900.00,,TRUE,TRUE,,,,,,,,,kg,
boca-juniors-retro-home,,,,,,,,Tamanho,XL,boca-juniors-retro-home-xl,200,shopify,10,deny,manual,36900.00,,TRUE,TRUE,,,,,,,,,kg,
boca-juniors-retro-home,,,,,,,,Tamanho,XXL,boca-juniors-retro-home-xxl,200,shopify,10,deny,manual,36900.00,,TRUE,TRUE,,,,,,,,,kg,
boca-juniors-retro-home,,,,,,,,Tamanho,3XL,boca-juniors-retro-home-3xl,200,shopify,10,deny,manual,36900.00,,TRUE,TRUE,,,,,,,,,kg,
boca-juniors-retro-home-v2,Boca Juniors Retro Home v2,"Boca Juniors Retro Home v2<br><br>Camiseta retro Boca Juniors - Temporada Cl치ssica<br>Tipo: Home<br>Liga: Primera Divisi칩n Argentina<br><br>Material de alta qualidade<br>Design cl치ssico retro<br>Tamanhos dispon칤veis: S, M, L, XL, XXL, 3XL<br><br>游댠 BLACK NOVEMBER - 33% OFF!",Retrobox,Apparel & Accessories > Clothing,Camiseta Retro,"Boca Juniors, Futebol, Home, Jersey, Retro, Primera Divisi칩n Argentina",TRUE,Tamanho,S,boca-juniors-retro-home-v2-s,200,shopify,10,deny,manual,36900.00,,TRUE,TRUE,,,,Boca Juniors Retro Home v2 - Imagem Principal,FALSE,Boca Juniors Retro Home v2 | Retrobox Argentina,Comprar Boca Juniors Retro Home v2 - Camiseta retro oficial. Primera Divisi칩n Argentina. Tamanhos S a 3XL. Envio para toda Argentina.,,kg,active
boca-juniors-retro-home-v2,,,,,,,,Tamanho,M,boca-juniors-retro-home-v2-m,200,shopify,10,deny,manual,36900.00,,TRUE,TRUE,,,,,,,,,kg,
boca-juniors-retro-home-v2,,,,,,,,Tamanho,L,boca-juniors-retro-home-v2-l,200,shopify,10,deny,manual,36900.00,,TRUE,TRUE,,,,,,,,,kg,
boca-juniors-retro-home-v2,,,,,,,,Tamanho,XL,boca-juniors-retro-home-v2-xl,200,shopify,10,deny,manual,36900.00,,TRUE,TRUE,,,,,,,,,kg,
boca-juniors-retro-home-v2,,,,,,,,Tamanho,XXL,boca-juniors-retro-home-v2-xxl,200,shopify,10,deny,manual,36900.00,,TRUE,TRUE,,,,,,,,,kg,
boca-juniors-retro-home-v2,,,,,,,,Tamanho,3XL,boca-juniors-retro-home-v2-3xl,200,shopify,10,deny,manual,36900.00,,TRUE,TRUE,,,,,,,,,kg,
river-plate-25-26-retro,River Plate 25/26 Retro,"River Plate 25/26 Retro<br><br>Camiseta retro River Plate - Temporada 25/26<br>Tipo: Retro<br>Liga: Primera Divisi칩n Argentina<br><br>Material de alta qualidade<br>Design cl치ssico retro<br>Tamanhos dispon칤veis: S, M, L, XL, XXL, 3XL<br><br>游댠 BLACK NOVEMBER - 33% OFF!",Retrobox,Apparel & Accessories > Clothing,Camiseta Retro,"River Plate, Futebol, Retro, Jersey, Retro, Primera Divisi칩n Argentina",TRUE,Tamanho,S,river-plate-25-26-retro-s,200,shopify,10,deny,manual,36900.00,,TRUE,TRUE,,,,River Plate 25/26 Retro - Imagem Principal,FALSE,River Plate 25/26 Retro | Retrobox Argentina,Comprar River Plate 25/26 Retro - Camiseta retro oficial. Primera Divisi칩n Argentina. Tamanhos S a 3XL. Envio para toda Argentina.,,kg,active
river-plate-25-26-retro,,,,,,,,Tamanho,M,river-plate-25-26-retro-m,200,shopify,10,deny,manual,36900.00,,TRUE,TRUE,,,,,,,,,kg,
river-plate-25-26-retro,,,,,,,,Tamanho,L,river-plate-25-26-retro-l,200,shopify,10,deny,manual,36900.00,,TRUE,TRUE,,,,,,,,,kg,
river-plate-25-26-retro,,,,,,,,Tamanho,XL,river-plate-25-26-retro-xl,200,shopify,10,deny,manual,36900.00,,TRUE,TRUE,,,,,,,,,kg,
river-plate-25-26-retro,,,,,,,,Tamanho,XXL,river-plate-25-26-retro-xxl,200,shopify,10,deny,manual,36900.00,,TRUE,TRUE,,,,,,,,,kg,
river-plate-25-26-retro,,,,,,,,Tamanho,3XL,river-plate-25-26-retro-3xl,200,shopify,10,deny,manual,36900.00,,TRUE,TRUE,,,,,,,,,kg,
river-plate-25-26-retro-v2,River Plate 25/26 Retro v2,"River Plate 25/26 Retro v2<br><br>Camiseta retro River Plate - Temporada 25/26<br>Tipo: Retro<br>Liga: Primera Divisi칩n Argentina<br><br>Material de alta qualidade<br>Design cl치ssico retro<br>Tamanhos dispon칤veis: S, M, L, XL, XXL, 3XL<br><br>游댠 BLACK NOVEMBER - 33% OFF!",Retrobox,Apparel & Accessories > Clothing,Camiseta Retro,"River Plate, Futebol, Retro, Jersey, Retro, Primera Divisi칩n Argentina",TRUE,Tamanho,S,river-plate-25-26-retro-v2-s,200,shopify,10,deny,manual,36900.00,,TRUE,TRUE,,,,River Plate 25/26 Retro v2 - Imagem Principal,FALSE,River Plate 25/26 Retro v2 | Retrobox Argentina,Comprar River Plate 25/26 Retro v2 - Camiseta retro oficial. Primera Divisi칩n Argentina. Tamanhos S a 3XL. Envio para toda Argentina.,,kg,active
river-plate-25-26-retro-v2,,,,,,,,Tamanho,M,river-plate-25-26-retro-v2-m,200,shopify,10,deny,manual,36900.00,,TRUE,TRUE,,,,,,,,,kg,
river-plate-25-26-retro-v2,,,,,,,,Tamanho,L,river-plate-25-26-retro-v2-l,200,shopify,10,deny,manual,36900.00,,TRUE,TRUE,,,,,,,,,kg,
river-plate-25-26-retro-v2,,,,,,,,Tamanho,XL,river-plate-25-26-retro-v2-xl,200,shopify,10,deny,manual,36900.00,,TRUE,TRUE,,,,,,,,,kg,
river-plate-25-26-retro-v2,,,,,,,,Tamanho,XXL,river-plate-25-26-retro-v2-xxl,200,shopify,10,deny,manual,36900.00,,TRUE,TRUE,,,,,,,,,kg,
river-plate-25-26-retro-v2,,,,,,,,Tamanho,3XL,river-plate-25-26-retro-v2-3xl,200,shopify,10,deny,manual,36900.00,,TRUE,TRUE,,,,,,,,,kg,
river-plate-95-96-retro-home,River Plate 95/96 Retro Home,"River Plate 95/96 Retro Home<br><br>Camiseta retro River Plate - Temporada 95/96<br>Tipo: Home<br>Liga: Primera Divisi칩n Argentina<br><br>Material de alta qualidade<br>Design cl치ssico retro<br>Tamanhos dispon칤veis: S, M, L, XL, XXL, 3XL<br><br>游댠 BLACK NOVEMBER - 33% OFF!",Retrobox,Apparel & Accessories > Clothing,Camiseta Retro,"River Plate, Futebol, Home, Jersey, Retro, Primera Divisi칩n Argentina",TRUE,Tamanho,S,river-plate-95-96-retro-home-s,200,shopify,10,deny,manual,36900.00,,TRUE,TRUE,,,,River Plate 95/96 Retro Home - Imagem Principal,FALSE,River Plate 95/96 Retro Home | Retrobox Argentina,Comprar River Plate 95/96 Retro Home - Camiseta retro oficial. Primera Divisi칩n Argentina. Tamanhos S a 3XL. Envio para toda Argentina.,,kg,active
river-plate-95-96-retro-home,,,,,,,,Tamanho,M,river-plate-95-96-retro-home-m,200,shopify,10,deny,manual,36900.00,,TRUE,TRUE,,,,,,,,,kg,
river-plate-95-96-retro-home,,,,,,,,Tamanho,L,river-plate-95-96-retro-home-l,200,shopify,10,deny,manual,36900.00,,TRUE,TRUE,,,,,,,,,kg,
river-plate-95-96-retro-home,,,,,,,,Tamanho,XL,river-plate-95-96-retro-home-xl,200,shopify,10,deny,manual,36900.00,,TRUE,TRUE,,,,,,,,,kg,
river-plate-95-96-retro-home,,,,,,,,Tamanho,XXL,river-plate-95-96-retro-home-xxl,200,shopify,10,deny,manual,36900.00,,TRUE,TRUE,,,,,,,,,kg,
river-plate-95-96-retro-home,,,,,,,,Tamanho,3XL,river-plate-95-96-retro-home-3xl,200,shopify,10,deny,manual,36900.00,,TRUE,TRUE,,,,,,,,,kg,
river-plate-95-96-retro-home-v2,River Plate 95/96 Retro Home v2,"River Plate 95/96 Retro Home v2<br><br>Camiseta retro River Plate - Temporada 95/96<br>Tipo: Home<br>Liga: Primera Divisi칩n Argentina<br><br>Material de alta qualidade<br>Design cl치ssico retro<br>Tamanhos dispon칤veis: S, M, L, XL, XXL, 3XL<br><br>游댠 BLACK NOVEMBER - 33% OFF!",Retrobox,Apparel & Accessories > Clothing,Camiseta Retro,"River Plate, Futebol, Home, Jersey, Retro, Primera Divisi칩n Argentina",TRUE,Tamanho,S,river-plate-95-96-retro-home-v2-s,200,shopify,10,deny,manual,36900.00,,TRUE,TRUE,,,,River Plate 95/96 Retro Home v2 - Imagem Principal,FALSE,River Plate 95/96 Retro Home v2 | Retrobox Argentina,Comprar River Plate 95/96 Retro Home v2 - Camiseta retro oficial. Primera Divisi칩n Argentina. Tamanhos S a 3XL. Envio para toda Argentina.,,kg,active
river-plate-95-96-retro-home-v2,,,,,,,,Tamanho,M,river-plate-95-96-retro-home-v2-m,200,shopify,10,deny,manual,36900.00,,TRUE,TRUE,,,,,,,,,kg,
river-plate-95-96-retro-home-v2,,,,,,,,Tamanho,L,river-plate-95-96-retro-home-v2-l,200,shopify,10,deny,manual,36900.00,,TRUE,TRUE,,,,,,,,,kg,
river-plate-95-96-retro-home-v2,,,,,,,,Tamanho,XL,river-plate-95-96-retro-home-v2-xl,200,shopify,10,deny,manual,36900.00,,TRUE,TRUE,,,,,,,,,kg,
river-plate-95-96-retro-home-v2,,,,,,,,Tamanho,XXL,river-plate-95-96-retro-home-v2-xxl,200,shopify,10,deny,manual,36900.00,,TRUE,TRUE,,,,,,,,,kg,
river-plate-95-96-retro-home-v2,,,,,,,,Tamanho,3XL,river-plate-95-96-retro-home-v2-3xl,200,shopify,10,deny,manual,36900.00,,TRUE,TRUE,,,,,,,,,kg,
independiente-retro-home,Independiente Retro Home,"Independiente Retro Home<br><br>Camiseta retro Independiente - Temporada Cl치ssica<br>Tipo: Home<br>Liga: Primera Divisi칩n Argentina<br><br>Material de alta qualidade<br>Design cl치ssico retro<br>Tamanhos dispon칤veis: S, M, L, XL, XXL, 3XL<br><br>游댠 BLACK NOVEMBER - 33% OFF!",Retrobox,Apparel & Accessories > Clothing,Camiseta Retro,"Independiente, Futebol, Home, Jersey, Retro, Primera Divisi칩n Argentina",TRUE,Tamanho,S,independiente-retro-home-s,200,shopify,10,deny,manual,36900.00,,TRUE,TRUE,,,,Independiente Retro Home - Imagem Principal,FALSE,Independiente Retro Home | Retrobox Argentina,Comprar Independiente Retro Home - Camiseta retro oficial. Primera Divisi칩n Argentina. Tamanhos S a 3XL. Envio para toda Argentina.,,kg,active
independiente-retro-home,,,,,,,,Tamanho,M,independiente-retro-home-m,200,shopify,10,deny,manual,36900.00,,TRUE,TRUE,,,,,,,,,kg,
independiente-retro-home,,,,,,,,Tamanho,L,independiente-retro-home-l,200,shopify,10,deny,manual,36900.00,,TRUE,TRUE,,,,,,,,,kg,
independiente-retro-home,,,,,,,,Tamanho,XL,independiente-retro-home-xl,200,shopify,10,deny,manual,36900.00,,TRUE,TRUE,,,,,,,,,kg,
independiente-retro-home,,,,,,,,Tamanho,XXL,independiente-retro-home-xxl,200,shopify,10,deny,manual,36900.00,,TRUE,TRUE,,,,,,,,,kg,
independiente-retro-home,,,,,,,,Tamanho,3XL,independiente-retro-home-3xl,200,shopify,10,deny,manual,36900.00,,TRUE,TRUE,,,,,,,,,kg,
independiente-retro-home-v2,Independiente Retro Home v2,"Independiente Retro Home v2<br><br>Camiseta retro Independiente - Temporada Cl치ssica<br>Tipo: Home<br>Liga: Primera Divisi칩n Argentina<br><br>Material de alta qualidade<br>Design cl치ssico retro<br>Tamanhos dispon칤veis: S, M, L, XL, XXL, 3XL<br><br>游댠 BLACK NOVEMBER - 33% OFF!",Retrobox,Apparel & Accessories > Clothing,Camiseta Retro,"Independiente, Futebol, Home, Jersey, Retro, Primera Divisi칩n Argentina",TRUE,Tamanho,S,independiente-retro-home-v2-s,200,shopify,10,deny,manual,36900.00,,TRUE,TRUE,,,,Independiente Retro Home v2 - Imagem Principal,FALSE,Independiente Retro Home v2 | Retrobox Argentina,Comprar Independiente Retro Home v2 - Camiseta retro oficial. Primera Divisi칩n Argentina. Tamanhos S a 3XL. Envio para toda Argentina.,,kg,active
independiente-retro-home-v2,,,,,,,,Tamanho,M,independiente-retro-home-v2-m,200,shopify,10,deny,manual,36900.00,,TRUE,TRUE,,,,,,,,,kg,
independiente-retro-home-v2,,,,,,,,Tamanho,L,independiente-retro-home-v2-l,200,shopify,10,deny,manual,36900.00,,TRUE,TRUE,,,,,,,,,kg,
independiente-retro-home-v2,,,,,,,,Tamanho,XL,independiente-retro-home-v2-xl,200,shopify,10,deny,manual,36900.00,,TRUE,TRUE,,,,,,,,,kg,
independiente-retro-home-v2,,,,,,,,Tamanho,XXL,independiente-retro-home-v2-xxl,200,shopify,10,deny,manual,36900.00,,TRUE,TRUE,,,,,,,,,kg,
independiente-retro-home-v2,,,,,,,,Tamanho,3XL,independiente-retro-home-v2-3xl,200,shopify,10,deny,manual,36900.00,,TRUE,TRUE,,,,,,,,,kg,
independiente-retro-home-v3,Independiente Retro Home v3,"Independiente Retro Home v3<br><br>Camiseta retro Independiente - Temporada Cl치ssica<br>Tipo: Home<br>Liga: Primera Divisi칩n Argentina<br><br>Material de alta qualidade<br>Design cl치ssico retro<br>Tamanhos dispon칤veis: S, M, L, XL, XXL, 3XL<br><br>游댠 BLACK NOVEMBER - 33% OFF!",Retrobox,Apparel & Accessories > Clothing,Camiseta Retro,"Independiente, Futebol, Home, Jersey, Retro, Primera Divisi칩n Argentina",TRUE,Tamanho,S,independiente-retro-home-v3-s,200,shopify,10,deny,manual,36900.00,,TRUE,TRUE,,,,Independiente Retro Home v3 - Imagem Principal,FALSE,Independiente Retro Home v3 | Retrobox Argentina,Comprar Independiente Retro Home v3 - Camiseta retro oficial. Primera Divisi칩n Argentina. Tamanhos S a 3XL. Envio para toda Argentina.,,kg,active
independiente-retro-home-v3,,,,,,,,Tamanho,M,independiente-retro-home-v3-m,200,shopify,10,deny,manual,36900.00,,TRUE,TRUE,,,,,,,,,kg,
independiente-retro-home-v3,,,,,,,,Tamanho,L,independiente-retro-home-v3-l,200,shopify,10,deny,manual,36900.00,,TRUE,TRUE,,,,,,,,,kg,
independiente-retro-home-v3,,,,,,,,Tamanho,XL,independiente-retro-home-v3-xl,200,shopify,10,deny,manual,36900.00,,TRUE,TRUE,,,,,,,,,kg,
independiente-retro-home-v3,,,,,,,,Tamanho,XXL,independiente-retro-home-v3-xxl,200,shopify,10,deny,manual,36900.00,,TRUE,TRUE,,,,,,,,,kg,
independiente-retro-home-v3,,,,,,,,Tamanho,3XL,independiente-retro-home-v3-3xl,200,shopify,10,deny,manual,36900.00,,TRUE,TRUE,,,,,,,,,kg,
instituto-de-cordoba-96-97-retro-home,Instituto de C칩rdoba 96/97 Retro Home,"Instituto de C칩rdoba 96/97 Retro Home<br><br>Camiseta retro Instituto de C칩rdoba - Temporada 96/97<br>Tipo: Home<br>Liga: Primera Divisi칩n Argentina<br><br>Material de alta qualidade<br>Design cl치ssico retro<br>Tamanhos dispon칤veis: S, M, L, XL, XXL, 3XL<br><br>游댠 BLACK NOVEMBER - 33% OFF!",Retrobox,Apparel & Accessories > Clothing,Camiseta Retro,"Instituto de C칩rdoba, Futebol, Home, Jersey, Retro, Primera Divisi칩n Argentina",TRUE,Tamanho,S,instituto-de-cordoba-96-97-retro-home-s,200,shopify,10,deny,manual,36900.00,,TRUE,TRUE,,,,Instituto de C칩rdoba 96/97 Retro Home - Imagem Principal,FALSE,Instituto de C칩rdoba 96/97 Retro Home | Retrobox Argentina,Comprar Instituto de C칩rdoba 96/97 Retro Home - Camiseta retro oficial. Primera Divisi칩n Argentina. Tamanhos S a 3XL. Envio para toda Argentina.,,kg,active
instituto-de-cordoba-96-97-retro-home,,,,,,,,Tamanho,M,instituto-de-cordoba-96-97-retro-home-m,200,shopify,10,deny,manual,36900.00,,TRUE,TRUE,,,,,,,,,kg,
instituto-de-cordoba-96-97-retro-home,,,,,,,,Tamanho,L,instituto-de-cordoba-96-97-retro-home-l,200,shopify,10,deny,manual,36900.00,,TRUE,TRUE,,,,,,,,,kg,
instituto-de-cordoba-96-97-retro-home,,,,,,,,Tamanho,XL,instituto-de-cordoba-96-97-retro-home-xl,200,shopify,10,deny,manual,36900.00,,TRUE,TRUE,,,,,,,,,kg,
instituto-de-cordoba-96-97-retro-home,,,,,,,,Tamanho,XXL,instituto-de-cordoba-96-97-retro-home-xxl,200,shopify,10,deny,manual,36900.00,,TRUE,TRUE,,,,,,,,,kg,
instituto-de-cordoba-96-97-retro-home,,,,,,,,Tamanho,3XL,instituto-de-cordoba-96-97-retro-home-3xl,200,shopify,10,deny,manual,36900.00,,TRUE,TRUE,,,,,,,,,kg,
instituto-de-cordoba-99-00-retro-home,Instituto de C칩rdoba 99/00 Retro Home,"Instituto de C칩rdoba 99/00 Retro Home<br><br>Camiseta retro Instituto de C칩rdoba - Temporada 99/00<br>Tipo: Home<br>Liga: Primera Divisi칩n Argentina<br><br>Material de alta qualidade<br>Design cl치ssico retro<br>Tamanhos dispon칤veis: S, M, L, XL, XXL, 3XL<br><br>游댠 BLACK NOVEMBER - 33% OFF!",Retrobox,Apparel & Accessories > Clothing,Camiseta Retro,"Instituto de C칩rdoba, Futebol, Home, Jersey, Retro, Primera Divisi칩n Argentina",TRUE,Tamanho,S,instituto-de-cordoba-99-00-retro-home-s,200,shopify,10,deny,manual,36900.00,,TRUE,TRUE,,,,Instituto de C칩rdoba 99/00 Retro Home - Imagem Principal,FALSE,Instituto de C칩rdoba 99/00 Retro Home | Retrobox Argentina,Comprar Instituto de C칩rdoba 99/00 Retro Home - Camiseta retro oficial. Primera Divisi칩n Argentina. Tamanhos S a 3XL. Envio para toda Argentina.,,kg,active
instituto-de-cordoba-99-00-retro-home,,,,,,,,Tamanho,M,instituto-de-cordoba-99-00-retro-home-m,200,shopify,10,deny,manual,36900.00,,TRUE,TRUE,,,,,,,,,kg,
instituto-de-cordoba-99-00-retro-home,,,,,,,,Tamanho,L,instituto-de-cordoba-99-00-retro-home-l,200,shopify,10,deny,manual,36900.00,,TRUE,TRUE,,,,,,,,,kg,
instituto-de-cordoba-99-00-retro-home,,,,,,,,Tamanho,XL,instituto-de-cordoba-99-00-retro-home-xl,200,shopify,10,deny,manual,36900.00,,TRUE,TRUE,,,,,,,,,kg,
instituto-de-cordoba-99-00-retro-home,,,,,,,,Tamanho,XXL,instituto-de-cordoba-99-00-retro-home-xxl,200,shopify,10,deny,manual,36900.00,,TRUE,TRUE,,,,,,,,,kg,
instituto-de-cordoba-99-00-retro-home,,,,,,,,Tamanho,3XL,instituto-de-cordoba-99-00-retro-home-3xl,200,shopify,10,deny,manual,36900.00,,TRUE,TRUE,,,,,,,,,kg,
bayern-munich-04-05-retro-away,Bayern M칰nich 04/05 Retro Away,"Bayern M칰nich 04/05 Retro Away<br><br>Camiseta retro Bayern M칰nich - Temporada 04/05<br>Tipo: Away<br>Liga: Bundesliga<br><br>Material de alta qualidade<br>Design cl치ssico retro<br>Tamanhos dispon칤veis: S, M, L, XL, XXL, 3XL<br><br>游댠 BLACK NOVEMBER - 33% OFF!",Retrobox,Apparel & Accessories > Clothing,Camiseta Retro,"Bayern M칰nich, Futebol, Away, Jersey, Retro, Bundesliga",TRUE,Tamanho,S,bayern-munich-04-05-retro-away-s,200,shopify,10,deny,manual,36900.00,,TRUE,TRUE,,,,Bayern M칰nich 04/05 Retro Away - Imagem Principal,FALSE,Bayern M칰nich 04/05 Retro Away | Retrobox Argentina,Comprar Bayern M칰nich 04/05 Retro Away - Camiseta retro oficial. Bundesliga. Tamanhos S a 3XL. Envio para toda Argentina.,,kg,active
bayern-munich-04-05-retro-away,,,,,,,,Tamanho,M,bayern-munich-04-05-retro-away-m,200,shopify,10,deny,manual,36900.00,,TRUE,TRUE,,,,,,,,,kg,
bayern-munich-04-05-retro-away,,,,,,,,Tamanho,L,bayern-munich-04-05-retro-away-l,200,shopify,10,deny,manual,36900.00,,TRUE,TRUE,,,,,,,,,kg,
bayern-munich-04-05-retro-away,,,,,,,,Tamanho,XL,bayern-munich-04-05-retro-away-xl,200,shopify,10,deny,manual,36900.00,,TRUE,TRUE,,,,,,,,,kg,
bayern-munich-04-05-retro-away,,,,,,,,Tamanho,XXL,bayern-munich-04-05-retro-away-xxl,200,shopify,10,deny,manual,36900.00,,TRUE,TRUE,,,,,,,,,kg,
bayern-munich-04-05-retro-away,,,,,,,,Tamanho,3XL,bayern-munich-04-05-retro-away-3xl,200,shopify,10,deny,manual,36900.00,,TRUE,TRUE,,,,,,,,,kg,
bayern-munich-07-08-retro-home,Bayern M칰nich 07/08 Retro Home,"Bayern M칰nich 07/08 Retro Home<br><br>Camiseta retro Bayern M칰nich - Temporada 07/08<br>Tipo: Home<br>Liga: Bundesliga<br><br>Material de alta qualidade<br>Design cl치ssico retro<br>Tamanhos dispon칤veis: S, M, L, XL, XXL, 3XL<br><br>游댠 BLACK NOVEMBER - 33% OFF!",Retrobox,Apparel & Accessories > Clothing,Camiseta Retro,"Bayern M칰nich, Futebol, Home, Jersey, Retro, Bundesliga",TRUE,Tamanho,S,bayern-munich-07-08-retro-home-s,200,shopify,10,deny,manual,36900.00,,TRUE,TRUE,,,,Bayern M칰nich 07/08 Retro Home - Imagem Principal,FALSE,Bayern M칰nich 07/08 Retro Home | Retrobox Argentina,Comprar Bayern M칰nich 07/08 Retro Home - Camiseta retro oficial. Bundesliga. Tamanhos S a 3XL. Envio para toda Argentina.,,kg,active
bayern-munich-07-08-retro-home,,,,,,,,Tamanho,M,bayern-munich-07-08-retro-home-m,200,shopify,10,deny,manual,36900.00,,TRUE,TRUE,,,,,,,,,kg,
bayern-munich-07-08-retro-home,,,,,,,,Tamanho,L,bayern-munich-07-08-retro-home-l,200,shopify,10,deny,manual,36900.00,,TRUE,TRUE,,,,,,,,,kg,
bayern-munich-07-08-retro-home,,,,,,,,Tamanho,XL,bayern-munich-07-08-retro-home-xl,200,shopify,10,deny,manual,36900.00,,TRUE,TRUE,,,,,,,,,kg,
bayern-munich-07-08-retro-home,,,,,,,,Tamanho,XXL,bayern-munich-07-08-retro-home-xxl,200,shopify,10,deny,manual,36900.00,,TRUE,TRUE,,,,,,,,,kg,
bayern-munich-07-08-retro-home,,,,,,,,Tamanho,3XL,bayern-munich-07-08-retro-home-3xl,200,shopify,10,deny,manual,36900.00,,TRUE,TRUE,,,,,,,,,kg,
bayern-munich-12-13-retro-home,Bayern M칰nich 12/13 Retro Home,"Bayern M칰nich 12/13 Retro Home<br><br>Camiseta retro Bayern M칰nich - Temporada 12/13<br>Tipo: Home<br>Liga: Bundesliga<br><br>Material de alta qualidade<br>Design cl치ssico retro<br>Tamanhos dispon칤veis: S, M, L, XL, XXL, 3XL<br><br>游댠 BLACK NOVEMBER - 33% OFF!",Retrobox,Apparel & Accessories > Clothing,Camiseta Retro,"Bayern M칰nich, Futebol, Home, Jersey, Retro, Bundesliga",TRUE,Tamanho,S,bayern-munich-12-13-retro-home-s,200,shopify,10,deny,manual,36900.00,,TRUE,TRUE,,,,Bayern M칰nich 12/13 Retro Home - Imagem Principal,FALSE,Bayern M칰nich 12/13 Retro Home | Retrobox Argentina,Comprar Bayern M칰nich 12/13 Retro Home - Camiseta retro oficial. Bundesliga. Tamanhos S a 3XL. Envio para toda Argentina.,,kg,active
bayern-munich-12-13-retro-home,,,,,,,,Tamanho,M,bayern-munich-12-13-retro-home-m,200,shopify,10,deny,manual,36900.00,,TRUE,TRUE,,,,,,,,,kg,
bayern-munich-12-13-retro-home,,,,,,,,Tamanho,L,bayern-munich-12-13-retro-home-l,200,shopify,10,deny,manual,36900.00,,TRUE,TRUE,,,,,,,,,kg,
bayern-munich-12-13-retro-home,,,,,,,,Tamanho,XL,bayern-munich-12-13-retro-home-xl,200,shopify,10,deny,manual,36900.00,,TRUE,TRUE,,,,,,,,,kg,
bayern-munich-12-13-retro-home,,,,,,,,Tamanho,XXL,bayern-munich-12-13-retro-home-xxl,200,shopify,10,deny,manual,36900.00,,TRUE,TRUE,,,,,,,,,kg,
bayern-munich-12-13-retro-home,,,,,,,,Tamanho,3XL,bayern-munich-12-13-retro-home-3xl,200,shopify,10,deny,manual,36900.00,,TRUE,TRUE,,,,,,,,,kg,
bayern-munich-14-15-retro-home,Bayern M칰nich 14/15 Retro Home,"Bayern M칰nich 14/15 Retro Home<br><br>Camiseta retro Bayern M칰nich - Temporada 14/15<br>Tipo: Home<br>Liga: Bundesliga<br><br>Material de alta qualidade<br>Design cl치ssico retro<br>Tamanhos dispon칤veis: S, M, L, XL, XXL, 3XL<br><br>游댠 BLACK NOVEMBER - 33% OFF!",Retrobox,Apparel & Accessories > Clothing,Camiseta Retro,"Bayern M칰nich, Futebol, Home, Jersey, Retro, Bundesliga",TRUE,Tamanho,S,bayern-munich-14-15-retro-home-s,200,shopify,10,deny,manual,36900.00,,TRUE,TRUE,,,,Bayern M칰nich 14/15 Retro Home - Imagem Principal,FALSE,Bayern M칰nich 14/15 Retro Home | Retrobox Argentina,Comprar Bayern M칰nich 14/15 Retro Home - Camiseta retro oficial. Bundesliga. Tamanhos S a 3XL. Envio para toda Argentina.,,kg,active
bayern-munich-14-15-retro-home,,,,,,,,Tamanho,M,bayern-munich-14-15-retro-home-m,200,shopify,10,deny,manual,36900.00,,TRUE,TRUE,,,,,,,,,kg,
bayern-munich-14-15-retro-home,,,,,,,,Tamanho,L,bayern-munich-14-15-retro-home-l,200,shopify,10,deny,manual,36900.00,,TRUE,TRUE,,,,,,,,,kg,
bayern-munich-14-15-retro-home,,,,,,,,Tamanho,XL,bayern-munich-14-15-retro-home-xl,200,shopify,10,deny,manual,36900.00,,TRUE,TRUE,,,,,,,,,kg,
bayern-munich-14-15-retro-home,,,,,,,,Tamanho,XXL,bayern-munich-14-15-retro-home-xxl,200,shopify,10,deny,manual,36900.00,,TRUE,TRUE,,,,,,,,,kg,
bayern-munich-14-15-retro-home,,,,,,,,Tamanho,3XL,bayern-munich-14-15-retro-home-3xl,200,shopify,10,deny,manual,36900.00,,TRUE,TRUE,,,,,,,,,kg,
bayern-munich-17-18-retro-home,Bayern M칰nich 17/18 Retro Home,"Bayern M칰nich 17/18 Retro Home<br><br>Camiseta retro Bayern M칰nich - Temporada 17/18<br>Tipo: Home<br>Liga: Bundesliga<br><br>Material de alta qualidade<br>Design cl치ssico retro<br>Tamanhos dispon칤veis: S, M, L, XL, XXL, 3XL<br><br>游댠 BLACK NOVEMBER - 33% OFF!",Retrobox,Apparel & Accessories > Clothing,Camiseta Retro,"Bayern M칰nich, Futebol, Home, Jersey, Retro, Bundesliga",TRUE,Tamanho,S,bayern-munich-17-18-retro-home-s,200,shopify,10,deny,manual,36900.00,,TRUE,TRUE,,,,Bayern M칰nich 17/18 Retro Home - Imagem Principal,FALSE,Bayern M칰nich 17/18 Retro Home | Retrobox Argentina,Comprar Bayern M칰nich 17/18 Retro Home - Camiseta retro oficial. Bundesliga. Tamanhos S a 3XL. Envio para toda Argentina.,,kg,active
bayern-munich-17-18-retro-home,,,,,,,,Tamanho,M,bayern-munich-17-18-retro-home-m,200,shopify,10,deny,manual,36900.00,,TRUE,TRUE,,,,,,,,,kg,
bayern-munich-17-18-retro-home,,,,,,,,Tamanho,L,bayern-munich-17-18-retro-home-l,200,shopify,10,deny,manual,36900.00,,TRUE,TRUE,,,,,,,,,kg,
bayern-munich-17-18-retro-home,,,,,,,,Tamanho,XL,bayern-munich-17-18-retro-home-xl,200,shopify,10,deny,manual,36900.00,,TRUE,TRUE,,,,,,,,,kg,
bayern-munich-17-18-retro-home,,,,,,,,Tamanho,XXL,bayern-munich-17-18-retro-home-xxl,200,shopify,10,deny,manual,36900.00,,TRUE,TRUE,,,,,,,,,kg,
bayern-munich-17-18-retro-home,,,,,,,,Tamanho,3XL,bayern-munich-17-18-retro-home-3xl,200,shopify,10,deny,manual,36900.00,,TRUE,TRUE,,,,,,,,,kg,
bayern-munich-25-26-retro,Bayern M칰nich 25/26 Retro,"Bayern M칰nich 25/26 Retro<br><br>Camiseta retro Bayern M칰nich - Temporada 25/26<br>Tipo: Retro<br>Liga: Bundesliga<br><br>Material de alta qualidade<br>Design cl치ssico retro<br>Tamanhos dispon칤veis: S, M, L, XL, XXL, 3XL<br><br>游댠 BLACK NOVEMBER - 33% OFF!",Retrobox,Apparel & Accessories > Clothing,Camiseta Retro,"Bayern M칰nich, Futebol, Retro, Jersey, Retro, Bundesliga",TRUE,Tamanho,S,bayern-munich-25-26-retro-s,200,shopify,10,deny,manual,36900.00,,TRUE,TRUE,,,,Bayern M칰nich 25/26 Retro - Imagem Principal,FALSE,Bayern M칰nich 25/26 Retro | Retrobox Argentina,Comprar Bayern M칰nich 25/26 Retro - Camiseta retro oficial. Bundesliga. Tamanhos S a 3XL. Envio para toda Argentina.,,kg,active
bayern-munich-25-26-retro,,,,,,,,Tamanho,M,bayern-munich-25-26-retro-m,200,shopify,10,deny,manual,36900.00,,TRUE,TRUE,,,,,,,,,kg,
bayern-munich-25-26-retro,,,,,,,,Tamanho,L,bayern-munich-25-26-retro-l,200,shopify,10,deny,manual,36900.00,,TRUE,TRUE,,,,,,,,,kg,
bayern-munich-25-26-retro,,,,,,,,Tamanho,XL,bayern-munich-25-26-retro-xl,200,shopify,10,deny,manual,36900.00,,TRUE,TRUE,,,,,,,,,kg,
bayern-munich-25-26-retro,,,,,,,,Tamanho,XXL,bayern-munich-25-26-retro-xxl,200,shopify,10,deny,manual,36900.00,,TRUE,TRUE,,,,,,,,,kg,
bayern-munich-25-26-retro,,,,,,,,Tamanho,3XL,bayern-munich-25-26-retro-3xl,200,shopify,10,deny,manual,36900.00,,TRUE,TRUE,,,,,,,,,kg,
bayern-munich-retro,Bayern M칰nich Retro,"Bayern M칰nich Retro<br><br>Camiseta retro Bayern M칰nich - Temporada Cl치ssica<br>Tipo: Retro<br>Liga: Bundesliga<br><br>Material de alta qualidade<br>Design cl치ssico retro<br>Tamanhos dispon칤veis: S, M, L, XL, XXL, 3XL<br><br>游댠 BLACK NOVEMBER - 33% OFF!",Retrobox,Apparel & Accessories > Clothing,Camiseta Retro,"Bayern M칰nich, Futebol, Retro, Jersey, Retro, Bundesliga",TRUE,Tamanho,S,bayern-munich-retro-s,200,shopify,10,deny,manual,36900.00,,TRUE,TRUE,,,,Bayern M칰nich Retro - Imagem Principal,FALSE,Bayern M칰nich Retro | Retrobox Argentina,Comprar Bayern M칰nich Retro - Camiseta retro oficial. Bundesliga. Tamanhos S a 3XL. Envio para toda Argentina.,,kg,active
bayern-munich-retro,,,,,,,,Tamanho,M,bayern-munich-retro-m,200,shopify,10,deny,manual,36900.00,,TRUE,TRUE,,,,,,,,,kg,
bayern-munich-retro,,,,,,,,Tamanho,L,bayern-munich-retro-l,200,shopify,10,deny,manual,36900.00,,TRUE,TRUE,,,,,,,,,kg,
bayern-munich-retro,,,,,,,,Tamanho,XL,bayern-munich-retro-xl,200,shopify,10,deny,manual,36900.00,,TRUE,TRUE,,,,,,,,,kg,
bayern-munich-retro,,,,,,,,Tamanho,XXL,bayern-munich-retro-xxl,200,shopify,10,deny,manual,36900.00,,TRUE,TRUE,,,,,,,,,kg,
bayern-munich-retro,,,,,,,,Tamanho,3XL,bayern-munich-retro-3xl,200,shopify,10,deny,manual,36900.00,,TRUE,TRUE,,,,,,,,,kg,
barcelona-10-11-retro-home,Barcelona 10/11 Retro Home,"Barcelona 10/11 Retro Home<br><br>Camiseta retro Barcelona - Temporada 10/11<br>Tipo: Home<br>Liga: La Liga<br><br>Material de alta qualidade<br>Design cl치ssico retro<br>Tamanhos dispon칤veis: S, M, L, XL, XXL, 3XL<br><br>游댠 BLACK NOVEMBER - 33% OFF!",Retrobox,Apparel & Accessories > Clothing,Camiseta Retro,"Barcelona, Futebol, Home, Jersey, Retro, La Liga",TRUE,Tamanho,S,barcelona-10-11-retro-home-s,200,shopify,10,deny,manual,36900.00,,TRUE,TRUE,,,,Barcelona 10/11 Retro Home - Imagem Principal,FALSE,Barcelona 10/11 Retro Home | Retrobox Argentina,Comprar Barcelona 10/11 Retro Home - Camiseta retro oficial. La Liga. Tamanhos S a 3XL. Envio para toda Argentina.,,kg,active
barcelona-10-11-retro-home,,,,,,,,Tamanho,M,barcelona-10-11-retro-home-m,200,shopify,10,deny,manual,36900.00,,TRUE,TRUE,,,,,,,,,kg,
barcelona-10-11-retro-home,,,,,,,,Tamanho,L,barcelona-10-11-retro-home-l,200,shopify,10,deny,manual,36900.00,,TRUE,TRUE,,,,,,,,,kg,
barcelona-10-11-retro-home,,,,,,,,Tamanho,XL,barcelona-10-11-retro-home-xl,200,shopify,10,deny,manual,36900.00,,TRUE,TRUE,,,,,,,,,kg,
barcelona-10-11-retro-home,,,,,,,,Tamanho,XXL,barcelona-10-11-retro-home-xxl,200,shopify,10,deny,manual,36900.00,,TRUE,TRUE,,,,,,,,,kg,
barcelona-10-11-retro-home,,,,,,,,Tamanho,3XL,barcelona-10-11-retro-home-3xl,200,shopify,10,deny,manual,36900.00,,TRUE,TRUE,,,,,,,,,kg,
barcelona-10-11-retro-home-v2,Barcelona 10/11 Retro Home v2,"Barcelona 10/11 Retro Home v2<br><br>Camiseta retro Barcelona - Temporada 10/11<br>Tipo: Home<br>Liga: La Liga<br><br>Material de alta qualidade<br>Design cl치ssico retro<br>Tamanhos dispon칤veis: S, M, L, XL, XXL, 3XL<br><br>游댠 BLACK NOVEMBER - 33% OFF!",Retrobox,Apparel & Accessories > Clothing,Camiseta Retro,"Barcelona, Futebol, Home, Jersey, Retro, La Liga",TRUE,Tamanho,S,barcelona-10-11-retro-home-v2-s,200,shopify,10,deny,manual,36900.00,,TRUE,TRUE,,,,Barcelona 10/11 Retro Home v2 - Imagem Principal,FALSE,Barcelona 10/11 Retro Home v2 | Retrobox Argentina,Comprar Barcelona 10/11 Retro Home v2 - Camiseta retro oficial. La Liga. Tamanhos S a 3XL. Envio para toda Argentina.,,kg,active
barcelona-10-11-retro-home-v2,,,,,,,,Tamanho,M,barcelona-10-11-retro-home-v2-m,200,shopify,10,deny,manual,36900.00,,TRUE,TRUE,,,,,,,,,kg,
barcelona-10-11-retro-home-v2,,,,,,,,Tamanho,L,barcelona-10-11-retro-home-v2-l,200,shopify,10,deny,manual,36900.00,,TRUE,TRUE,,,,,,,,,kg,
barcelona-10-11-retro-home-v2,,,,,,,,Tamanho,XL,barcelona-10-11-retro-home-v2-xl,200,shopify,10,deny,manual,36900.00,,TRUE,TRUE,,,,,,,,,kg,
barcelona-10-11-retro-home-v2,,,,,,,,Tamanho,XXL,barcelona-10-11-retro-home-v2-xxl,200,shopify,10,deny,manual,36900.00,,TRUE,TRUE,,,,,,,,,kg,
barcelona-10-11-retro-home-v2,,,,,,,,Tamanho,3XL,barcelona-10-11-retro-home-v2-3xl,200,shopify,10,deny,manual,36900.00,,TRUE,TRUE,,,,,,,,,kg,
barcelona-10-11-retro-home-v3,Barcelona 10/11 Retro Home v3,"Barcelona 10/11 Retro Home v3<br><br>Camiseta retro Barcelona - Temporada 10/11<br>Tipo: Home<br>Liga: La Liga<br><br>Material de alta qualidade<br>Design cl치ssico retro<br>Tamanhos dispon칤veis: S, M, L, XL, XXL, 3XL<br><br>游댠 BLACK NOVEMBER - 33% OFF!",Retrobox,Apparel & Accessories > Clothing,Camiseta Retro,"Barcelona, Futebol, Home, Jersey, Retro, La Liga",TRUE,Tamanho,S,barcelona-10-11-retro-home-v3-s,200,shopify,10,deny,manual,36900.00,,TRUE,TRUE,,,,Barcelona 10/11 Retro Home v3 - Imagem Principal,FALSE,Barcelona 10/11 Retro Home v3 | Retrobox Argentina,Comprar Barcelona 10/11 Retro Home v3 - Camiseta retro oficial. La Liga. Tamanhos S a 3XL. Envio para toda Argentina.,,kg,active
barcelona-10-11-retro-home-v3,,,,,,,,Tamanho,M,barcelona-10-11-retro-home-v3-m,200,shopify,10,deny,manual,36900.00,,TRUE,TRUE,,,,,,,,,kg,
barcelona-10-11-retro-home-v3,,,,,,,,Tamanho,L,barcelona-10-11-retro-home-v3-l,200,shopify,10,deny,manual,36900.00,,TRUE,TRUE,,,,,,,,,kg,
barcelona-10-11-retro-home-v3,,,,,,,,Tamanho,XL,barcelona-10-11-retro-home-v3-xl,200,shopify,10,deny,manual,36900.00,,TRUE,TRUE,,,,,,,,,kg,
barcelona-10-11-retro-home-v3,,,,,,,,Tamanho,XXL,barcelona-10-11-retro-home-v3-xxl,200,shopify,10,deny,manual,36900.00,,TRUE,TRUE,,,,,,,,,kg,
barcelona-10-11-retro-home-v3,,,,,,,,Tamanho,3XL,barcelona-10-11-retro-home-v3-3xl,200,shopify,10,deny,manual,36900.00,,TRUE,TRUE,,,,,,,,,kg,
barcelona-17-18-retro-home,Barcelona 17/18 Retro Home,"Barcelona 17/18 Retro Home<br><br>Camiseta retro Barcelona - Temporada 17/18<br>Tipo: Home<br>Liga: La Liga<br><br>Material de alta qualidade<br>Design cl치ssico retro<br>Tamanhos dispon칤veis: S, M, L, XL, XXL, 3XL<br><br>游댠 BLACK NOVEMBER - 33% OFF!",Retrobox,Apparel & Accessories > Clothing,Camiseta Retro,"Barcelona, Futebol, Home, Jersey, Retro, La Liga",TRUE,Tamanho,S,barcelona-17-18-retro-home-s,200,shopify,10,deny,manual,36900.00,,TRUE,TRUE,,,,Barcelona 17/18 Retro Home - Imagem Principal,FALSE,Barcelona 17/18 Retro Home | Retrobox Argentina,Comprar Barcelona 17/18 Retro Home - Camiseta retro oficial. La Liga. Tamanhos S a 3XL. Envio para toda Argentina.,,kg,active
barcelona-17-18-retro-home,,,,,,,,Tamanho,M,barcelona-17-18-retro-home-m,200,shopify,10,deny,manual,36900.00,,TRUE,TRUE,,,,,,,,,kg,
barcelona-17-18-retro-home,,,,,,,,Tamanho,L,barcelona-17-18-retro-home-l,200,shopify,10,deny,manual,36900.00,,TRUE,TRUE,,,,,,,,,kg,
barcelona-17-18-retro-home,,,,,,,,Tamanho,XL,barcelona-17-18-retro-home-xl,200,shopify,10,deny,manual,36900.00,,TRUE,TRUE,,,,,,,,,kg,
barcelona-17-18-retro-home,,,,,,,,Tamanho,XXL,barcelona-17-18-retro-home-xxl,200,shopify,10,deny,manual,36900.00,,TRUE,TRUE,,,,,,,,,kg,
barcelona-17-18-retro-home,,,,,,,,Tamanho,3XL,barcelona-17-18-retro-home-3xl,200,shopify,10,deny,manual,36900.00,,TRUE,TRUE,,,,,,,,,kg,
barcelona-17-18-retro-home-v2,Barcelona 17/18 Retro Home v2,"Barcelona 17/18 Retro Home v2<br><br>Camiseta retro Barcelona - Temporada 17/18<br>Tipo: Home<br>Liga: La Liga<br><br>Material de alta qualidade<br>Design cl치ssico retro<br>Tamanhos dispon칤veis: S, M, L, XL, XXL, 3XL<br><br>游댠 BLACK NOVEMBER - 33% OFF!",Retrobox,Apparel & Accessories > Clothing,Camiseta Retro,"Barcelona, Futebol, Home, Jersey, Retro, La Liga",TRUE,Tamanho,S,barcelona-17-18-retro-home-v2-s,200,shopify,10,deny,manual,36900.00,,TRUE,TRUE,,,,Barcelona 17/18 Retro Home v2 - Imagem Principal,FALSE,Barcelona 17/18 Retro Home v2 | Retrobox Argentina,Comprar Barcelona 17/18 Retro Home v2 - Camiseta retro oficial. La Liga. Tamanhos S a 3XL. Envio para toda Argentina.,,kg,active
barcelona-17-18-retro-home-v2,,,,,,,,Tamanho,M,barcelona-17-18-retro-home-v2-m,200,shopify,10,deny,manual,36900.00,,TRUE,TRUE,,,,,,,,,kg,
barcelona-17-18-retro-home-v2,,,,,,,,Tamanho,L,barcelona-17-18-retro-home-v2-l,200,shopify,10,deny,manual,36900.00,,TRUE,TRUE,,,,,,,,,kg,
barcelona-17-18-retro-home-v2,,,,,,,,Tamanho,XL,barcelona-17-18-retro-home-v2-xl,200,shopify,10,deny,manual,36900.00,,TRUE,TRUE,,,,,,,,,kg,
barcelona-17-18-retro-home-v2,,,,,,,,Tamanho,XXL,barcelona-17-18-retro-home-v2-xxl,200,shopify,10,deny,manual,36900.00,,TRUE,TRUE,,,,,,,,,kg,
barcelona-17-18-retro-home-v2,,,,,,,,Tamanho,3XL,barcelona-17-18-retro-home-v2-3xl,200,shopify,10,deny,manual,36900.00,,TRUE,TRUE,,,,,,,,,kg,
real-madrid-25-26-retro,Real Madrid 25/26 Retro,"Real Madrid 25/26 Retro<br><br>Camiseta retro Real Madrid - Temporada 25/26<br>Tipo: Retro<br>Liga: La Liga<br><br>Material de alta qualidade<br>Design cl치ssico retro<br>Tamanhos dispon칤veis: S, M, L, XL, XXL, 3XL<br><br>游댠 BLACK NOVEMBER - 33% OFF!",Retrobox,Apparel & Accessories > Clothing,Camiseta Retro,"Real Madrid, Futebol, Retro, Jersey, Retro, La Liga",TRUE,Tamanho,S,real-madrid-25-26-retro-s,200,shopify,10,deny,manual,36900.00,,TRUE,TRUE,,,,Real Madrid 25/26 Retro - Imagem Principal,FALSE,Real Madrid 25/26 Retro | Retrobox Argentina,Comprar Real Madrid 25/26 Retro - Camiseta retro oficial. La Liga. Tamanhos S a 3XL. Envio para toda Argentina.,,kg,active
real-madrid-25-26-retro,,,,,,,,Tamanho,M,real-madrid-25-26-retro-m,200,shopify,10,deny,manual,36900.00,,TRUE,TRUE,,,,,,,,,kg,
real-madrid-25-26-retro,,,,,,,,Tamanho,L,real-madrid-25-26-retro-l,200,shopify,10,deny,manual,36900.00,,TRUE,TRUE,,,,,,,,,kg,
real-madrid-25-26-retro,,,,,,,,Tamanho,XL,real-madrid-25-26-retro-xl,200,shopify,10,deny,manual,36900.00,,TRUE,TRUE,,,,,,,,,kg,
real-madrid-25-26-retro,,,,,,,,Tamanho,XXL,real-madrid-25-26-retro-xxl,200,shopify,10,deny,manual,36900.00,,TRUE,TRUE,,,,,,,,,kg,
real-madrid-25-26-retro,,,,,,,,Tamanho,3XL,real-madrid-25-26-retro-3xl,200,shopify,10,deny,manual,36900.00,,TRUE,TRUE,,,,,,,,,kg,
real-madrid-25-26-retro-v2,Real Madrid 25/26 Retro v2,"Real Madrid 25/26 Retro v2<br><br>Camiseta retro Real Madrid - Temporada 25/26<br>Tipo: Retro<br>Liga: La Liga<br><br>Material de alta qualidade<br>Design cl치ssico retro<br>Tamanhos dispon칤veis: S, M, L, XL, XXL, 3XL<br><br>游댠 BLACK NOVEMBER - 33% OFF!",Retrobox,Apparel & Accessories > Clothing,Camiseta Retro,"Real Madrid, Futebol, Retro, Jersey, Retro, La Liga",TRUE,Tamanho,S,real-madrid-25-26-retro-v2-s,200,shopify,10,deny,manual,36900.00,,TRUE,TRUE,,,,Real Madrid 25/26 Retro v2 - Imagem Principal,FALSE,Real Madrid 25/26 Retro v2 | Retrobox Argentina,Comprar Real Madrid 25/26 Retro v2 - Camiseta retro oficial. La Liga. Tamanhos S a 3XL. Envio para toda Argentina.,,kg,active
real-madrid-25-26-retro-v2,,,,,,,,Tamanho,M,real-madrid-25-26-retro-v2-m,200,shopify,10,deny,manual,36900.00,,TRUE,TRUE,,,,,,,,,kg,
real-madrid-25-26-retro-v2,,,,,,,,Tamanho,L,real-madrid-25-26-retro-v2-l,200,shopify,10,deny,manual,36900.00,,TRUE,TRUE,,,,,,,,,kg,
real-madrid-25-26-retro-v2,,,,,,,,Tamanho,XL,real-madrid-25-26-retro-v2-xl,200,shopify,10,deny,manual,36900.00,,TRUE,TRUE,,,,,,,,,kg,
real-madrid-25-26-retro-v2,,,,,,,,Tamanho,XXL,real-madrid-25-26-retro-v2-xxl,200,shopify,10,deny,manual,36900.00,,TRUE,TRUE,,,,,,,,,kg,
real-madrid-25-26-retro-v2,,,,,,,,Tamanho,3XL,real-madrid-25-26-retro-v2-3xl,200,shopify,10,deny,manual,36900.00,,TRUE,TRUE,,,,,,,,,kg,
real-madrid-25-26-retro-v3,Real Madrid 25/26 Retro v3,"Real Madrid 25/26 Retro v3<br><br>Camiseta retro Real Madrid - Temporada 25/26<br>Tipo: Retro<br>Liga: La Liga<br><br>Material de alta qualidade<br>Design cl치ssico retro<br>Tamanhos dispon칤veis: S, M, L, XL, XXL, 3XL<br><br>游댠 BLACK NOVEMBER - 33% OFF!",Retrobox,Apparel & Accessories > Clothing,Camiseta Retro,"Real Madrid, Futebol, Retro, Jersey, Retro, La Liga",TRUE,Tamanho,S,real-madrid-25-26-retro-v3-s,200,shopify,10,deny,manual,36900.00,,TRUE,TRUE,,,,Real Madrid 25/26 Retro v3 - Imagem Principal,FALSE,Real Madrid 25/26 Retro v3 | Retrobox Argentina,Comprar Real Madrid 25/26 Retro v3 - Camiseta retro oficial. La Liga. Tamanhos S a 3XL. Envio para toda Argentina.,,kg,active
real-madrid-25-26-retro-v3,,,,,,,,Tamanho,M,real-madrid-25-26-retro-v3-m,200,shopify,10,deny,manual,36900.00,,TRUE,TRUE,,,,,,,,,kg,
real-madrid-25-26-retro-v3,,,,,,,,Tamanho,L,real-madrid-25-26-retro-v3-l,200,shopify,10,deny,manual,36900.00,,TRUE,TRUE,,,,,,,,,kg,
real-madrid-25-26-retro-v3,,,,,,,,Tamanho,XL,real-madrid-25-26-retro-v3-xl,200,shopify,10,deny,manual,36900.00,,TRUE,TRUE,,,,,,,,,kg,
real-madrid-25-26-retro-v3,,,,,,,,Tamanho,XXL,real-madrid-25-26-retro-v3-xxl,200,shopify,10,deny,manual,36900.00,,TRUE,TRUE,,,,,,,,,kg,
real-madrid-25-26-retro-v3,,,,,,,,Tamanho,3XL,real-madrid-25-26-retro-v3-3xl,200,shopify,10,deny,manual,36900.00,,TRUE,TRUE,,,,,,,,,kg,